[
  {
    "id": "4f80c1cd-3782-4d8f-969a-336f41b56f12",
    "data": [
      {
        "text": "Something is broken.",
        "userDefined": false
      }
    ],
    "isTemplate": false,
    "count": 0,
    "updated": 0
  },
  {
    "id": "f5115395-310b-4752-9b87-7d8b12512ebc",
    "data": [
      {
        "text": "I have an issue",
        "userDefined": false
      }
    ],
    "isTemplate": false,
    "count": 0,
    "updated": 0
  },
  {
    "id": "7cfca240-3be0-46c3-93d1-fd023f4fae11",
    "data": [
      {
        "text": "Train an incident",
        "userDefined": false
      }
    ],
    "isTemplate": false,
    "count": 0,
    "updated": 0
  },
  {
    "id": "c37ea918-9d04-4fbe-b172-6e748ae674cf",
    "data": [
      {
        "text": "submit a ticket",
        "userDefined": false
      }
    ],
    "isTemplate": false,
    "count": 0,
    "updated": 0
  },
  {
    "id": "dd88c87c-c333-44b3-98e2-9e4f212b3aa1",
    "data": [
      {
        "text": "make a ticket",
        "userDefined": false
      }
    ],
    "isTemplate": false,
    "count": 0,
    "updated": 0
  },
  {
    "id": "1804d24e-b556-491b-b0b9-5b62c45029d2",
    "data": [
      {
        "text": "Create an incident",
        "userDefined": false
      }
    ],
    "isTemplate": false,
    "count": 0,
    "updated": 0
  }
]