[
  {
    "id": "cab3eedd-796a-409f-9b8c-1866da557695",
    "data": [
      {
        "text": "What is my work ",
        "userDefined": false
      },
      {
        "text": "today",
        "alias": "date-time",
        "meta": "@sys.date-time",
        "userDefined": false
      },
      {
        "text": "?",
        "userDefined": false
      }
    ],
    "isTemplate": false,
    "count": 0,
    "updated": 0
  },
  {
    "id": "2ee08b50-c0da-466c-af0d-206a0ac57a8e",
    "data": [
      {
        "text": "Show me my Work.",
        "userDefined": false
      }
    ],
    "isTemplate": false,
    "count": 0,
    "updated": 0
  },
  {
    "id": "e5874b5d-8fbb-44bc-a168-83f6674ae74d",
    "data": [
      {
        "text": "What are my Incidents?",
        "userDefined": false
      }
    ],
    "isTemplate": false,
    "count": 0,
    "updated": 0
  }
]