[
  {
    "id": "80ebe4b5-9f66-4897-ab33-fd50554d7d06",
    "data": [
      {
        "text": "who\u0027s on-call ",
        "userDefined": false
      },
      {
        "text": "in",
        "meta": "@sys.ignore",
        "userDefined": false
      },
      {
        "text": " the ",
        "userDefined": false
      },
      {
        "text": "service desk",
        "alias": "Team",
        "meta": "@Team",
        "userDefined": false
      },
      {
        "text": "?",
        "userDefined": false
      }
    ],
    "isTemplate": false,
    "count": 0,
    "updated": 0
  },
  {
    "id": "901dc71e-f734-4505-91d3-6836e883fb75",
    "data": [
      {
        "text": "who is on call on the ",
        "userDefined": false
      },
      {
        "text": "networking team",
        "alias": "Team",
        "meta": "@Team",
        "userDefined": true
      },
      {
        "text": "?",
        "userDefined": false
      }
    ],
    "isTemplate": false,
    "count": 0,
    "updated": 0
  },
  {
    "id": "826f1c2b-f514-41db-9f83-219f7f7fda31",
    "data": [
      {
        "text": "who is on call",
        "meta": "@sys.ignore",
        "userDefined": true
      },
      {
        "text": " for the ",
        "userDefined": false
      },
      {
        "text": "@Team",
        "alias": "Team",
        "meta": "@Team",
        "userDefined": true
      }
    ],
    "isTemplate": false,
    "count": 0,
    "updated": 0
  },
  {
    "id": "e0b09755-9655-4b8c-a088-09be17c43cff",
    "data": [
      {
        "text": "who\u0027s on-call on the ",
        "userDefined": false
      },
      {
        "text": "service desk",
        "alias": "Team",
        "meta": "@Team",
        "userDefined": true
      },
      {
        "text": "?",
        "userDefined": false
      }
    ],
    "isTemplate": false,
    "count": 0,
    "updated": 0
  },
  {
    "id": "5a99ed6c-18e3-4a4b-ac59-180bbdd826c1",
    "data": [
      {
        "text": "Who is on call on ",
        "userDefined": false
      },
      {
        "text": "support",
        "alias": "Team",
        "meta": "@Team",
        "userDefined": true
      },
      {
        "text": "?",
        "userDefined": false
      }
    ],
    "isTemplate": false,
    "count": 0,
    "updated": 0
  }
]